signer,volume,swaps,transaction_count,volume_category
4ZcmaggG1qQMWpM4KEhbM97s3az5WTuL379fdSPMNQru,0,1,7,Other
4cB2ma3VGzmW62cQ9MdDVcsTNe9vk4DQcsWR5JpfuYyU,0,1,7,Other
4d96MhwsswMpG6f8Axfogdw3GaAaUkFqWE3yMgfmgiDp,0,1,10,Other
4fVpXj7HQQPAJ4epjcgCeejCWoi2EufzWQsWUyxbvW8b,0,1,19,Other
4gKKQR69LKMFarGdUcqrvb284wJgWYZsb6wCGp4suFCV,0,1,7,Other
4gk9Esa9RR4rkEWoZFFUJFqWK8nvz6xzFYPUXnv9gJJV,0,1,10,Other
4krDfagngfnGh3tzsaxhqqNTBMfEmTtJmo4kJvpPkGUe,0,1,3,Other
4qocHSC9hJNiRsQ6urg5Y6dKU8b9vcoCxnbdemnhFDey,0,1,11,Other
4skNSFHjWYCidRB19tb9CQ8i4zogHRonNTcXTueY5YkV,0,1,7,Other
51YN9dHHFN7AgopQcnqK2ERNg48kcTDQ91ND6tCq5ESd,0,1,41,Other
51tJwSDHRgpGHqQaJXdSSYLxuTbegFzQa2JrtbUGguX2,0,1,3,Other
52bo7ZnYvdBeHPwEw7Qd1FbxdkpnCzYbcbjx4vZqRK9q,0,1,35,Other
59Znn1N15pvS2kfeDamMQPiga3ff8TUGkx1Q94B4EWL3,0,1,16,Other
5Cq139FJ5ZMjsenFfg86U71WbgqdPqRMNfnmXJ92bjUq,0,1,16,Other
5F9N18ZWfoiFTGN57mRfNQqErydaYzYp7YPs4swjjczB,0,1,3,Other
5HpbrewitJb22frrAGSm3tam7bYYQtaZ9iff9Z3JL9aJ,0,1,11,Other
5Nkd4g859nfciGPyQVgwfoq1eAJyGXtMinLqn1oL9YQt,0,1,13,Other
5Nr9HorQpDo4d7WRxvH8Z2ACXnnin6H9zT2iUDWdNLXB,0,1,9,Other
5P3joFu9DBcoGMRcpJj4NqAMt2NBnhHL55iFVXcn6SiF,0,1,7,Other
5PnEo91WNFs9x9LaPKTvcJ5qCHnparpKpx4Z4kYhj8mv,0,1,25,Other
5Radrh9ukajVQvFhVEvdWL2qk1HcdEMehDc63qiVWLe6,0,1,10066,Other
5RtKDrzg5ggn89yHxyotb5k1PAFXvQENFRZ94gSB323M,0,1,6,Other
5Snq2wGYxyWdfb2hL45sx6s1yvvmSpuMmtkVeTP6FaiZ,0,1,22,Other
5TT2kfbGrVLTLe8WmG83P175hGnrnyUVUEJega9bWvBB,0,1,9,Other
5YhtgfgABEHp1QaaA1XsSny9f7ERzuvZqxt2WbFJDaMT,0,1,11,Other
5bXsJ7bsUoCb7LVAobRAvR8uCSERv6AngXn4eNSxRTTe,0,1,6,Other
5bfvmPxsMvAvqPr1i91YqhHLB4tV6VSAHCWhaszPZuir,0,1,114,Other
5fNiALQdSphinM1jRQdLrtNW44RciqGD1nebZTirmeF5,0,1,58166,Other
5jBymiRG4t8qtFkgPVuueCM387i5DBKhun5p9JuGjVFv,0,1,9,Other
5kbC16bPu1e1zVu4BgewmCzyER7ysDNT9umm8Dfbe3Qc,0,1,492,Other
5qhbKmmQNVZg99sBU7SMz27HHd4idQjkMv52Fyu1Vozk,0,1,6,Other
5qoQ1NWYMdTTRKa44FYjmWdgQWNJ3yN9kXt5oSm1NdD6,0,1,11,Other
5s1TBFStExacYjeJbSrg2B8npxF5DX2Psd6DjN8wbgQy,0,1,30,Other
5t2Z93kAmNL2cFH54btp8TQQ4ChTdtF6i1qJePqp37gQ,0,1,13518,Other
5tFnAUbYWFy7u3cGBfUuEMBxQpgdGyA2WJh7sb3iCeFe,0,1,183,Other
65PmT2651j9nSCN2UoVLvsqQupVwPx9vjsiJiXH7ULNA,0,1,20,Other
66mUzhatFQVNxQLJz7Fv77A9Z3ob9BhaNHrDbpmQdgF,0,1,15,Other
67LozCTasfYXaq1UMoffgShTYv3oM9iymuqx2FwNSA38,0,1,5,Other
6D2b5dZpGTNmZMivR5P5mK3CvZL4bRBUM1mCHg5xjYfN,0,1,29,Other
6EEdBJPA3rjAdQHqJ9bdxKGPNiqu5BXCwACjQxeU5iaz,0,1,3,Other
6GbNSZEUp49saBFkUrLymEXiY7iEaCSNTSw27EYuUcXB,0,1,7,Other
6MsdkthrztTGN1LAdiTohzXfQY5GGvsJQXWNU8riZcQm,0,1,7,Other
6QQ2TzykHGrcQhTdPXvhjLRXemsQMAR5QDN86yvNJMZN,0,1,19,Other
6RgDqrGzt1DfmD4eDJhVZD6xVREFW2Z3sy1nkMvRuvfm,0,1,101,Other
6RnKrmnZ6SGdJdaF4PjFTu8crbqptktccqXkchAKHZuH,0,1,14,Other
6WQavt9C1cY8UJwGQpLzJ9us5EdBd3zkVbKdVkpZYuSF,0,1,4,Other
6YwCaA9ZeGcx9GDbGcYngoCTtMoaMa4FKctovo83eaYB,0,1,4,Other
6Zs3YEzZSYeQnNHpwsSpWxk7MYFxPgMoZeUg7Z2eyi7R,0,1,3,Other
6dSqMGgUDWa3HqP9WLWkH1jWgSB9vPhEw5cDAEVnfUfw,0,1,33,Other
6nSgaej5Mvdc38pqqzEKtvzjy7ZzxCUdbVv7uh2WxdC4,0,1,7,Other
6pu66TBk8gYSmrnoKUtBGvF8yWV7DwFm2DbSscdG8tqs,0,1,10,Other
6rSGoLavtYSQYcN5ZzJV9QxzofpnL3pEKSexzX2ustks,0,1,32,Other
6rfRkuky5naGYrMbpjVMRyfy1cgqBJwo8Cv37ZAiBcg7,0,1,13,Other
6snp2WMcSyMHSPVUMHdWkrkYzz6hrYRF4ygHkNhc5t8n,0,1,8,Other
6vK6qqBZnFZDeGouTLvAMHFhEDXQ6wGoYZAdEzGb7Fu1,0,1,15,Other
6vhLmDXRwoDTNG5uL2eAqNPo6qdqDTMqbPvxaoHxTxZY,0,1,6,Other
766gAMWEm1f8VBvj739KPcwfi1Lpr3ibmr3vgaSzypue,0,1,7,Other
772RBL7VagsbCeWEGPUcY7Q4P36C5QgoRfJC6oWX3J9r,0,1,13,Other
77FNvKfajGxACwCcggtgBad654U4vGv2ubHaUzujupoZ,0,1,22,Other
77qLCbhjPYW5XfQDF4ZboemXgv158QN2Fd3BmUXqEyQb,0,1,16,Other
78jx1iLfbvT5GsGaddCR6pPmwawNFYz7iDxheupb6TuC,0,1,15,Other
799Nex8bMmdKVvBsnvtPvmH6MdCpW5KFqmG1vPwGE2yx,0,1,46,Other
7DT6uo3t5EfTRNbC5NFj8mA9SFhkfHu2239Pj5pBBfbo,0,1,7,Other
7KKxN1KHpWyjrs8T8pyNK58G3derKrvsUBYEf2GinmR1,0,1,299,Other
7NU8kz3oYsdt4HP6sdx9FToBsdMrcee7Ys5HPP2opzYJ,0,1,19,Other
7VajNzSMEUj34usMULaxkqxQNBScFSnKGatVjXindaKF,0,1,7,Other
7W2oPFDPhu9CNGh8TY7oHqXt43Muv2jLBdhAUB9SHQCw,0,1,7,Other
7ZnVcFv69Hmm9Merf8MqxDb3eWVCND4qQBA7bg5WpyBr,0,1,12,Other
7aBj8JG13jy3FvpJ19ybLwzN1mUGiLTA2bfvbeVwVg13,0,1,7,Other
7auzWxKHFUNDLFA6aZVHeQCq4aka3nDYUo957hCW3VnT,0,1,6,Other
7bn6QMmtyqYgnoppQMfhdcJr7FH1X6gaczS2wSdu44wZ,0,1,5,Other
7c8aDEKP6QaEHZyRdhkh2f7Jf7Msk5T5TCMWGko65iPL,0,1,16,Other
7dFMRdJ2PLYXA63284me5FGfiuZEQLoXSLVUaqZ4xn4p,0,1,8,Other
7djLEzDx4bteTuXcjdnoJCH5WC6jXZ5N7ZBF7HYLt71S,0,1,14,Other
7e8t3Cf3getGH8u9sgHBVWb5FVBNnLBSeURh2JMeHYjg,0,1,5,Other
7eY2HygCBSc2rQPfeBYQnf5jX2Z7FfkzUqUZQ1PPJq7v,0,1,117,Other
7ieZgiE8QxGT24dEpcv7TTX1xPiTKEsgw5PVtFPnAoeU,0,1,11,Other
7uK9uDWRJ7dv7DuVC5rCD1ufZYDVHyiuFikf8qDZTmW2,0,1,11,Other
7wgr9xQrusHzfW7wZPi2vE4VZAfeBpr9fxFtc9BLQwmw,0,1,4,Other
7xfzd118jAWGqCaSjRGa2SgyQT8Y8BBcuk9soJo7grsb,0,1,19,Other
7zHQfSgRAUHztCCz9iDuanhrvfGNFBz5GJLhUJA9uYGN,0,1,8,Other
84iaoVfhF3BVjeyDVXUYqCHMcg9PyFMp4y53m8spuQgU,0,1,12,Other
84tmzq6i2KH8PihmtcT9n1qrdkerNjVdqMLAgFGyGqaX,0,1,30,Other
87ZXSetL4MqSFXjvAxpUSdgPXNW6zBjPJs2cH4buovr9,0,1,10,Other
88sLst1PJuWUvFUE2x6qprqyQTCjFTCR2C5fD81A1Nif,0,1,19,Other
8ACT5F2sGEZsY7RdjsGdBFZYgKXw7rT7R9LLiGFX1y6c,0,1,6,Other
8AMB4FbNe6nnfDhW76aDdWHAFKQETACuC8bhGbo7DwJ3,0,1,7,Other
8DKFARjiQKqKGMaLhDXuBUrQUvdgoatYhZbvXE4NVLD,0,1,15,Other
8DkTm3GbMjMcnQmctbfbpvif6aX8S34jKcbhMT4MrVX4,0,1,25,Other
8F3y3CtB6MCygpiq8EXTU56fmiC6j2bNHLCrF3ms31qA,0,1,50,Other
8GWt9qrkPitspoYZehiJMxjaG336rCLAuVzKLssASY2X,0,1,7,Other
8HCsJnnurBxgcaMi15Y2Z8iNWvJmZWMAva2nLAqTdkvG,0,1,1372,Other
8Hr37gBYNCQggnC1qM5vKcmNU75fGW3MMBrTJMRRcfoz,0,1,16,Other
8JjF3dNEmc63WPJLAcxqtquo1rL3hwSinv6GQMUKGXrG,0,1,114,Other
8PUouHgthiaHSLQewucFaHEVwiaf49ZzyZ3Be1UvQm2w,0,1,8,Other
8V7P4cvYiiKue5RsCdcMpaVEcoUppV8ZXpCZJuq8C9tj,0,1,24,Other
8VwhwJq6DV6vH7ZFw9JitmPFP4fdBcLpbDVoAga9tnGN,0,1,7,Other
8ZDUweX4KHmE2D2FrGQ6oFrVyF9Deu1aup9XUCbY86Xu,0,1,121,Other
8Zt96CN834MZJdGzoWpMff3zaA6L7MAqzAhUgbHTkWA,0,1,6,Other
8b4r8mhpDBjbTmb7eG927BtVsSRujHRhq54PJS6aC89c,0,1,9,Other
8c5sECLxqSBPK2Er29Bj1ZGzRt34uUnAhveJ85x98Aob,0,1,5,Other
8cGrNfg9pkfq27LvaC1j7vizroP1iB8RF4VD8bHrz7r1,0,1,11,Other
8ehjYxyqsH311V9obiiet1u8QU4fFMzcJXL4VJ6nt7YE,0,1,9,Other
8mo7bi97VhbpRgUSveVJD3143xWqzgh4oxa77SivNgiP,0,1,25,Other
8oUt3W82uCweh3ghzqah3tzdQmhDEZcHvYBb29aoiFGY,0,1,32,Other
8tWgT8FRp1uSDeXXsZyxp7Uzj3yBz1xcngusQNCqvo5a,0,1,19,Other
8wVtKrC31Eepf3t9RtCb3Ldu7Qpr4FWg2788419wEVWD,0,1,7,Other
8wq4Pdnb7h9tuDLgts6zS5ZKGkfRS9dyZLK7fNxVRMSy,0,1,191,Other
8xgvr87jukMzAoKwdirNo3L1xc6PLxzLpoPauWzSqTT8,0,1,3,Other
92t5XE2RKxLGMoZRt4MawvLRHdeRoxmbrwNpzv7JJtbo,0,1,6,Other
9ASYPAY7ndjBPc53Rxz9N821eTxkJqZkz18eHFyzYRdk,0,1,559,Other
9CRNeAhW4NSgWTjDYFK8fpsUTMquZ4QE5Vo6XqQjG7aC,0,1,5,Other
9G9ttg3ZU7FehNMJRZq2qfg44VpvxzYCraHizmNXfCC8,0,1,21,Other
9PJmPnSbhkNSBPrtLc4FDzTzoUkmsqU5mDA8auf474Je,0,1,4373,Other
9QptYth9gYD2tPgMpVefVEdfHugstb6j6XcUegyLhEf6,0,1,6,Other
9UAC9yeqYcwwVrg7BfBBDctDAEopPGf3R2U4E7NT8LoW,0,1,23,Other
9XVTw97pZfQQMB14MAARaxo3Z4n2yZPPsDe5Aep6ydsB,0,1,14,Other
9aYNUBgLEyJVCMXQvJTfACweLGPn8B5qGtoguuPauZwg,0,1,6,Other
9ajyovtDLhpeTrcZWDuF7N36CxZk1HJPKfpB48jzUjDh,0,1,6,Other
9b93PZCNaQAumBuKgx6HzbocvQcRUAbkH7vR7eFv94V5,0,1,15,Other
9gapHoakB2dC6TXJGLsZcsnAkQjBsNkZKYK4PZ8X25GX,0,1,63,Other
9id9FHKB6REybm1gpR1CazF5EVJ7gR38NyBQoL6VaBzt,0,1,7,Other
9idEMJCRkQrRLUTeVLeDddfJ6sMfijcduqvcnA8xiXkL,0,1,159,Other
9p9grvmLQ1DEmqWo3DJs48p8MUtoZThXj3fSS32g3PQR,0,1,8,Other
9zk6kkoiPQZX4BGvJvj3x5QEzqHNyyfqbi2B8PQy8fPi,0,1,12,Other
A35WTzfaAiLGqs1RwaTkJFQqXHK4FzLUUdXgbdUGMNws,0,1,4,Other
A3K1Dg4DA6E2LE7xXEzxpRgCy2d3b2UCHZyP7nqMG4bS,0,1,336,Other
A5j2ocH7DbfFk9LiJJRikQWSLTRnYfRXwgNWWYYj7vy7,0,1,5,Other
A5k2tNuECEP2f3sfVJGxYZjSpjST5GmzSyjUeTTV4ZuZ,0,1,10,Other
AFBg4zsN7wmLYwi5ffsErzs1bfKD789LFJNHxPCfbDzY,0,1,27,Other
AGEbMDT3y8VExv7ErJZ6YMLckC8AoCNQ7NSVUDCoZVuC,0,1,1619,Other
AGJpjRCW7JS2vrinWVgF6qjQ88s6tcLo85fKur57xxdq,0,1,22,Other
AGvb67njJ2ikKwF1fCoUahXwepS8FAn7wpUrMxyh6ddQ,0,1,66,Other
AJ5sQB5wLrsqAWZmhj4kz77vwGviKfeeT1V7isSb4E5K,0,1,47,Other
AJ9Xb5UUrBgTDMsK5CRVscM4BFx6gfNXhaKAeKJzoEkV,0,1,60,Other
AJhBEogiSCTw4DvgyBxy9fQVpfKhYuw2FcRxNjfzpkcV,0,1,19,Other
APnDj2vsEDmxaz5c94afdSANh1EbPFRbsb6FEyT98YWh,0,1,10,Other
APsiPhocSuNKbTY8j318G1z5P1wTGahQNwLYEByb73p4,0,1,12,Other
AQ43p5HLa6rS6W3mN2DnfJcmWFiwHP7AYHArfnu44Cs6,0,1,58,Other
AQrDr5jsKYL56TS2Vxx2y1nqTtStinbyXrB3w1mD1uS7,0,1,12,Other
AUaP7pAq65GmsQbLzGs4PJJwx6Qsx1Uaj1fTMi28KQZK,0,1,18,Other
AVth2JLpyMpLcaWWzEjdxCN3cRRudNHJPpfobCKsvc6B,0,1,53,Other
AagSc1XwGxZdxV8zp5pKJiM7Tofm16UnxgzVnjwDEsSg,0,1,4,Other
AhYhAXRhbE7HqsqH1tP2Gx6abptuPLUM8dFWN35Y9rJz,0,1,11,Other
AmaEghXZY3ftTtejeeRkWtfDe9G1j2EjvWpgavu59R6P,0,1,6,Other
AoxgfpAKA7daLb5YL6qWFdHwbg7mYVwJhfjwVojLKPJM,0,1,19,Other
AqREJ4xysRf6BY1dg2fA7zk66zVukYHNX72xVXDXXwYe,0,1,3,Other
Au15C5dKdDRaDAZbVz4FNKQav8YH9TBNkPeSmQaJxGVx,0,1,7,Other
AwEhbZ17uTuin7ygs2bTBbBU5TbM5wHE2DnkZ42J4N18,0,1,25,Other
AyegamLJjj8T4ZSe4LDD7wymE8Cwn6bo1Tj3nW1TJdM3,0,1,14,Other
B6nErfTUswR8866r8zx38UQ7BCVegdjg68xUGCP54vaR,0,1,11,Other
B8QYvNinU4KF5Tqnscr43rWgFNZ3GqXRW7MtnXvxG8Gm,0,1,5,Other
B9N3Nzb9gynM7v89wHjUoCq1QZWFByXiucRts7QAzQk5,0,1,3,Other
BCYCfBNXdxvUGGWU6b7QTGnJZZoUdV61E4DcyiHsrgh6,0,1,3,Other
BDxBvvSXdkKaurpG42DDAc4q4q18hwfAwB3C7bhEVNB5,0,1,118,Other
BEu5Q6s7wXNNrvaK434gsetNzTTaj3UHcK2JJfq1HzdZ,0,1,3,Other
BGm3e1nj1Tegv7zLFsRbgC9cPozqVdTaSnLwYANmPMmC,0,1,9,Other
BK2k6VevtkAnXEqEG6R8GGmNSNLGvap5R4WQhLA29CgM,0,1,7,Other
BMsXfbhhHPjatJ5Sw5rT9W7XXn4sH9JGd8qY6K2Giyig,0,1,22,Other
BQuJxsHAMdHvHpc8KGRZCKaiERZBvJTMPnhCaqAMKD7V,0,1,50,Other
BSPyrjFuUAaKshHJL4QEP2G9L9VoMzbfGANWxbQURDV3,0,1,9,Other
BYJNh8RnbBbafCGo4TijjJ79Fd22jK8kyJahRLtWgxSG,0,1,30,Other
BfRq55mx41C9UZaYk1nfEwS5hRZrw9SEK2ofWi5WYqrE,0,1,10,Other
Bfr9r3JFvVcxTD3iGAND46eCNjL3ViwcZGB8J19o62FL,0,1,8,Other
BgRL6aiJ7NNhXZWwuS6or2zi2bnc4gEJyxjACFgUXUqM,0,1,23,Other
Bi6UrwXbH7FqDV1kqBPKg6kgWvFtA9S5hY1fC4J2DcFi,0,1,265,Other
Bpff9pqx6hzmsS9pwzx1fXzc4TKk28k1ygUozq7QnoZ9,0,1,5,Other
BweAFXCYF71s6ayyrbm9Spq5WoXKUSwh44nSCNS2Ltc8,0,1,6,Other
BzZ8eTYjwBq5Lo7HQfGttcuzRbq5PVRe7V4jyUjhGeiR,0,1,10298,Other
C6jeEza5bKL214ZJy1xRisFc5f2qXcRp3pbB3k3MMGSu,0,1,13,Other
C7AzkPvra9K1jKh8jdCdH8Se3zJpuwd9naGmihkjFJe2,0,1,11,Other
C8N5kWUmPrHUQSCSJ7RBX7k5okdgSxYXAsvNHwJnyPQ8,0,1,7,Other
C94bgfg68QwpsrD8wBot6ghVjKyDcRnVbmegoxejRWjj,0,1,20,Other
CAU9YEJXUqTVwoNyxDSJQEjtLsWStrquGsbPJPz1q7WE,0,1,11,Other
CLfxL2921S6fEH1uLBFkkXvA2EsQ5whBuHBgfnnso3ci,0,1,11,Other
CLnJq6nNqf7nnKuFjomEyJshW78mpNJJPGqpUmDHkMuW,0,1,3,Other
CMyeBXqXZWyA1zGicVTZWZ3W772vJwdT392B3VjptpUn,0,1,5,Other
CQHcYyrpRKf3NqG8GhopKD7mB82o1zVLW2pAJcUZBKu3,0,1,7,Other
CQPUh1oi5RTat4G7VXHcVUXYssNfryNiG6JpkcWU8QFr,0,1,3,Other
CRCkvbcZPYwWv8Zw2tP6S3WMCGiAd5EjCtYdPNSyk96N,0,1,5,Other
CVbzbmstbQuGPhS8wA4W7miBiBw3XezyrbyEsaeMc8mk,0,1,4,Other
CXNScz6ZvnwRr4Cx8p4khPZbr4kbEd1Qy83JCYxdu81P,0,1,12,Other
CYeAkxArTjHMTJBCHUd9PCocbcVk9t7DPfUFnweXaTC8,0,1,6,Other
CabtXVad7AJfDbWJBDEgUKV1svsETtFQMXnGdeVk7skR,0,1,211,Other
CfESh4avkEhhGpUrpR68DyVJ7JUb6aPUADf9YLd2SvHM,0,1,30,Other
ChqCK8ATMc4uvHyqNJGdFGwEWXqHQRiWRSu6R3P1hdob,0,1,7,Other
CjGH1LCjaYRnVkkDjK5vmADjxrzWKarMPxFEhmRL1qS6,0,1,18,Other
Ckif556xs38P6iQfmLKLG6bRicdELvPY2irHs6iryBiQ,0,1,6831,Other
CndPxWmg8diQzHo8q8kgfQkvqnVgo9uidBfQwKy3LuqB,0,1,10,Other
CpLCVb7zfy8sjigt8MJ279Uqd9zgRNbtP3UcyE2ge1nV,0,1,50027,Other
CpPuYnBC2V4KHjUtg7Gaju6C5mvd2r1uwah1QyDDJPTn,0,1,3,Other
CwEoBzKbrQcks6PHiZ5EzaxiErPEMGSEA7qcDBcre3c3,0,1,3,Other
CwVVGcpYRhiJcLMxjGBG9bThb5tSWsE96nnqo4Jg1BKJ,0,1,8,Other
CyuJiZ1YqfwProLRakpvqz4qARxdjwf3rb5tDxxtJPbd,0,1,18,Other
D3k7Txjwr9SkzJCGMCmF9nNv7XmJXvuziwR5mWHVmVX8,0,1,35,Other
D5yUF9vvPiJJR9PUkPTGVgMZp3qokaPk4qodfcrQU8GE,0,1,425,Other
D66wAyVa8PDr6iKBALJA3Nr2jweGRZTmmKrQB47YC2R9,0,1,40,Other
D8ukD4djuZDWNBPZJqCYfQDDtbs1AVPBLhzeEUQF4PjP,0,1,9,Other
DC2BZKvsSKDDtUXs3iKR7Mqd5LfRbyTzeyhkfZpF1XVg,0,1,2,Other
DC89ULUL7XKARqrbbuw1Ys1THW9ocfGmp3FHZmAXPrG5,0,1,14,Other
DGaQwp63NAUnVFdA3H6dywp2FwkQhZVcFwRbcXEMroNm,0,1,13,Other
DHKYC7QQJzhzXLYGPDT8ESGQ4ohpbsG3veBgkBHskyWG,0,1,5,Other
DJktrmUEnWe123qfZEDeNFP9s2vEEm6TXPGhCHwwfkK8,0,1,3,Other
DNC3zNeNHbSpK8kKUXeaL53S8rzFSgKmMofSUj9BbDX4,0,1,51,Other
DNyT9Jf8smDV5JN1LuAbV9QVmpjc9tMUmYazYgNEhJ1N,0,1,22,Other
DSBtXnmWc9UjKTWWCwrbMTmHBs5sscVo4BdvV6tqg6ux,0,1,8,Other
DUinZTKGcBnhZuLibtbXH9cS9wazRonuTS4DLRm1P65v,0,1,1,Other
DXYbrijk7jFamFQb7DfLurAgA32ePBzHMygZw4WrTiZF,0,1,7,Other
DaWAAp9YScoppgYy4V7KpwZ3GVC5utrQjt88TGH3rm7F,0,1,4,Other
Dbs1ZcMwqrXQdaPAHXJCjptdQ9L8b2tmn6WhJLBkH2VJ,0,1,15,Other
DietEGF5bSpBaysZgYxSstBXsQ7n5n8a7NWuhFD3BKu1,0,1,20,Other
DnMcEVL3Khc1RagYaSU9Eon3CrKt34UzRiADdqKFtpuc,0,1,2,Other
Dnjpg2u9rcnSdQRZ7gWfPagEd4GnyCfa13f9KZRNaZnS,0,1,12,Other
DpBDbrkAmCHw9nhFjfAyJPAsQ97Fd2ULg9xGptAdsNDu,0,1,5,Other
DsDUQppzkWBEyBTh6Vx6U9VZdf1CJe4bsNkD1vcUE955,0,1,13,Other
DugnwG5bNAPZmShWHk6KXk3rEzXWVrRFBTravMMYs9Pj,0,1,5,Other
DwWjczMP4xt4UyqMdcBBQyXkxzzxW3Q1CHbjnuY7nbzh,0,1,23,Other
E16fV9N2qdtKt321Xv8Z8KoCW2553zzxBnBefe2Rjve4,0,1,12,Other
E1n57ZyMCJKKHen3yURK6Ym5XQSaSTvU5MUHHYsP15v,0,1,28463,Other
E2C7ZqqW4cYfewUDQGA1r1PshcmrMufswxqyQp2KSdJ7,0,1,6,Other
E4zHgFrrWutBpvbSBVisEpufFUvFRdo7H3zpjZXHN7wq,0,1,44,Other
E6D9zoj2yUPSQEjzvGiccSCRWHk3k258fhzKh6KJNP2k,0,1,49,Other
EAUTbXvzhjpaphW9iLni254S8Dix44KLpLx4m4puL6HF,0,1,3,Other
ECGJ8z1MyziDfiYuLC6QR7gjL8KvvDu45murEYS8Kde7,0,1,11,Other
ELFBVfVWWYWAAhkyFBiFLg56SZAD3e48YuqxiBk9bAcn,0,1,6,Other
ELrzbDtrvsFasyVVJcK4wh3k4eb5FwNMB1zEtWtvM9dZ,0,1,46,Other
EPB2hzYB79uguEjvgwN77Qso62uNUuDhCBmDpfYVZw8e,0,1,2,Other
EPf2XD8K5rLuJimUduuxEi6gh2S19LjHQnYG9xBrrCjf,0,1,7,Other
EQqP7JurTkEuQXi15hAxicGVYGgYQZxpP1WqanxE7Ma5,0,1,20,Other
ERsrUsJrG4aTp7aK7sSc3pQH1sai2nSYQZgRYRZPVTsL,0,1,16,Other
EU5VZLSFtwY2ut7NVSW8nDHcf6QygBjCgaEB4MHfKCM5,0,1,14,Other
EUxVo5f8kLHtMJQvrXALdYTLcYNnzX5u1KbmqVrFxaFq,0,1,31,Other
EW3ReBXSAQtyxJ6GR9cURV1bJBZ7MG5zFrfDuFJUFBwr,0,1,5,Other
EatooJ6GRzfbtACV1f9H7Eceh9x2GP6ntLzrbGLsUgDF,0,1,8,Other
EbGDYY3HY88L39xbJhmbvv5aHMt4oXpezg2ewhNaPiPJ,0,1,18,Other
EdyaccZxWmiBe398vbeVuVW58z6D4VtzwubkKDBTpyKd,0,1,6,Other
EenJDwvCX5GyFf89HTrHFVHPh5Fnywy17D2NSzdSuetW,0,1,2521,Other
Eh6QpzgoBgMCpe2JYcnd6q34VuVrwN6Xy9frmMY5pKWk,0,1,9,Other
EhyhrPtySeYgAkzXM48M9w22Ns5JVWhg5skwevzNtK9R,0,1,2,Other
EjoEk36i2y9m6nTnNC1gHvRnjXBA9DLgRwxwuYJ1ngkS,0,1,10,Other
Eo4khzXPBBWKXnpRziiW58TdP6FAKYqoQHzaXqCaWpMW,0,1,3,Other
EqnfkvaqsFpamYpFo7pou1sY6v6UdGKpFNM7CWaRPU1n,0,1,15,Other
EwjUnUvcao19aGKAwJruW7J5dTibRZtMX55fm89rGunE,0,1,124,Other
F9fLZseRX9zaKbQzxmpzn1yn4vTcKnDmUhY2vcDfdPcw,0,1,5,Other
FDKhx2tqut1ckRzMam9QkveEuxvKYS421MszKhSUbBX6,0,1,64,Other
FDdZ8o8xtUxTFhkF8MhLfyqCPzt7wSngrNgm4Cu3p3vr,0,1,14,Other
FFX9ZRZ73KAp3HsvrDeNkYhDHZvUZrtJECKurTVkDugP,0,1,17,Other
FUNnugtYqCyEaLhRmHkGkVLjdJeEYSsC9ayPZfqKPPRu,0,1,12,Other
FZb4pRsd9iic6KhBoE9Hjxoy3LH6NpUGZEyJzzeQr8Zu,0,1,60,Other
Fbwf9XWRzSnaVdNA6zCbhqfUL2JedTtkzn81radVa1Xf,0,1,7,Other
Fdhro2TJGzUd5TKuWf7RVCYYHf9xLtH4nbRcHdujKDbF,0,1,5,Other
FgzknsQ9fwh4Z3W31o4r1ADo8jDqs3NCDC4oEG3eTMpx,0,1,10,Other
FjoYgwPRxzkP8GaT7XdxwKBGwACRfTm5DwgHcwWXWxQA,0,1,15,Other
FmAvJMTT92RaLJcMofRej6CJxfqjyx8qgAvPmMDbd32t,0,1,8,Other
Fn3tPyABBn5Q1RkQCnNJjxgwnHXpMtt8hydY8USMGrwY,0,1,10,Other
FoxSx96qdFvZQLm7E4NtmAtXdLaea7GxFUCcnbrnq7Q5,0,1,6,Other
FuS7WVFFh8XL6UsjjUeiNLAYAB396XaP56JS5k4mbr3F,0,1,3,Other
FvYKyRjcSFkyi8PySWVkD4kTkgm65HFqri4bfszrTUyt,0,1,36,Other
FyL42GmytHFGv8ujsYrPGNfKDzYdh7xQBRPUtQWDFE2a,0,1,9,Other
FyRW7avwebVx8KSEheLpyxPYhbDmbbxq9BHf1raBwZdt,0,1,29,Other
FzuS1Lafqh6yFF8vBJEgJjXWw5wnCj639G3Ys9sApvq7,0,1,13,Other
G2DobepnYS3Ps9jaHkfLnm1aR5TW1rZ5Wr3fNMoApctb,0,1,15,Other
G3GjcovTz4Lr7XsoZUjkSynGGWXNMam8SxvfDgq7aTrv,0,1,21,Other
G3gu6zKTQwdF6ajTN8EH5SrmaC8khkc3FDWUvmx7Q42Z,0,1,76,Other
G5j1yx9HTJGEV5Jgw2NhsBWwuVj987hX33qvLmXTC24g,0,1,7,Other
G7sPeny88ognUx3vS21h9y3PgRsyLXfAsXKMFo7MqrK9,0,1,11,Other
GA6Fkpg3C4pvFCciRtsxphYrb4Lkf4eTMfCCpQ1fzeCz,0,1,11,Other
GCWhUdqhgbM6ypRgnLxTs6muiVwBufsTCYgNCUZY72Vu,0,1,8,Other
GD61divNvBhXeJh934259MAMArQNatvLjHDKxPJzUVoW,0,1,9,Other
GHgQfgNAeahx3KDhdiEYNLnjZRet7eQ6q8wUS15F8vg6,0,1,2,Other
GHruN9SDGWgQFazvVxQpgUHPMC7uykB8txSjjyBXhyLT,0,1,5,Other
GRjRN9iAxvMa35gn6tFgMjPisXHUBMhmv14ALjr1y6C7,0,1,107,Other
GSVa66HZcrFxLEZ1zPrMZ5WHezEpm9P7YbeWTKArpo86,0,1,7,Other
GSVtWnci3ipCXpbyPwMspEm2ShDWpVo3rcSCENatmpLe,0,1,7,Other
GTXDroP7YhWgFHq4wmNk3uHv1uSNB89cC4sopGNS1jGi,0,1,3,Other
GU13hbC8Ltsd16Xbtf6dtSLT3kDFFWgUupyNN7zLJqNZ,0,1,29,Other
GVZMqBH4AR9Y6UAkTwL81HpMzhSQQV5FGvKLYHn2ioWK,0,1,4,Other
GX112hALSgD2JZ6GtQHg2vpYEXSTrZLoMN53S5dBPdw6,0,1,20,Other
GaL9Encp4MTxhHft4Vw5Uf543pUSipEvN3hxwGdityNz,0,1,32,Other
GbpP7HcFGo6jdhAz5oxzZw5rXenY8WncXdCUDLgKkMpZ,0,1,6,Other
GdqdGLdr1u9rBa6xidWJk99GndA5GXEBk43myqmQFf8i,0,1,7,Other
GmWuMvSVdXXoFfSLePZRNth1UhmTpHhKyGV551h1iBaM,0,1,6,Other
GnGGRoT2fnpwd6LjeknMFPyP2THmHM5QmGW6GNfiNeBi,0,1,14,Other
GvAtbNDwcJdMdtqjMcyF77oMdnfVnpASJgStg4wTbA3t,0,1,14,Other
GvMPy6cqKDvWdTFJj4KZcZq3XDsTfZhNmDGsyPEA1j2q,0,1,10,Other
H8V2vfbru44JPjXoj98TJSGpZYpBWVdyRXhEQnKuJDeF,0,1,10,Other
H9KNyPqx72hgewtRsFpkKZPMjhGh7AwGDKtJ6LBNvrHG,0,1,7,Other
H9bXFGf6pkkyc5VJDH9nvWVYxbvGFXV7nsTdkczYP3qy,0,1,9,Other
H9k9v1a8WLCThMXsVMTkbCFUR7zLKXizEFULarqrzNmt,0,1,6,Other
HBwBiCDp3gqz7g34NmEawvB9eppQTZ8L6ycRpcNDWamB,0,1,15,Other
HKTrAtcjuQ8NVZL81LcUwL8SJVSEM3SckpvwNeQB81JN,0,1,2,Other
HNHGZsZvTggyydLaSWXhe6xPJSM7HtmTg7CqTZvyXYwV,0,1,5,Other
HQeYENo69KtVrYZjPFvfLh1jcT6sSSvbinR5oby3raTE,0,1,179,Other
HRcRPh7ugeKKzfrU4B7cEUPPy5bxEu3jjgA2KdTqUmJ7,0,1,11,Other
HRoR5aN4ySXvD192aU6o9f93rNzt3zEe26uUXUsGmXKZ,0,1,3,Other
HYSwcjaNoj6jLtcvmLbTYEoEaxyJyBXHVPd9n2uWJ1Fz,0,1,11,Other
HZohewS4iuAr85TTBH6P3Ba4yP93pWJhbeT6CubDX17W,0,1,13,Other
HbC68RdsRs82U5eaPyYcSFMgCEDk5JShnJVJz8tq494R,0,1,13,Other
HfmP5ZytE4idoPAw9BU7qY6TKH2Xq7adtwWM9QJedwXe,0,1,9,Other
Hhk5ZgJqfW1g3Dsz4hXRKu8nnndzNDyYCet9xGuznns2,0,1,10,Other
Hhw4KzvMz5ztnscWijcGF3GbgEXaNJktvEsqJBhi6fPC,0,1,14,Other
HjfKN5QQ2EYfzFBTaNMzWdj3VGXeeUGVrtNBudZQAaHc,0,1,399,Other
HmoYs4rv6dq6JZtPRHLcTgVTnxqsgueNiDdudL7xEMuj,0,1,10,Other
HqX7wz31iktY1tTYvhA3eAvxiCgJL6ujN37ThXzJDqmq,0,1,38,Other
Hsn3xYnjxDDLaiprjFQBpMJEScC9zVzpKbrJMoCFmT1Q,0,1,1576,Other
HvtLaXNo4FK3xUrojb95dJCNPaPHuJBVcjewGA4nEV78,0,1,28,Other
Hwzdf1WugGZn75rXBRoVnbQDnPNmviE4oS2NcvTP6DbU,0,1,11,Other
HxtGx61dovGDiwV6aRdokhVaXW5VRkEEyJtumT7No428,0,1,11,Other
Hy5mY2vCDWVGkABJ2Y88nAF6USot7nb1DvW7boCno1GV,0,1,2320,Other
J9Ua13uDA9GnbJzFUSwh5gp3W3Ri8Bb6dtnThPmLnKvz,0,1,27,Other
JBkVT17VXcBETicmHd1oVWv2uVRutzVK1Dj31aWHAHD4,0,1,9,Other
KaLhx9xrRoy4nakgzDfM7YaAWgTjk4VBgXV7FLfxhkY,0,1,32,Other
LRxJhM6Tefia1rCyJ6cEUpHvDtTskYiosLfHHSQb74y,0,1,30,Other
MTN48Cu1vacShaMrNNkVsti4QYB4CryQuqVcNdYURN3,0,1,24,Other
MTNxAXbRrAcKUbQMnqBUofGaRUxQhGKFUDMAsdfzDuv,0,1,22,Other
RyS3edd7rLkgrY4cGEm4xQK8c3ebxV5ayPkb818ccUy,0,1,7,Other
Sxe9u5EaAWWupYq4KuiuxXojzKuVbAcWuoZxiSiK1S8,0,1,24,Other
UfrZ3SbTZskaKYq7uxidyrvni9gsAjuoq3qzdmhkSpm,0,1,11,Other
czJjhEe2X4pVuVz6YfbhZed2Jp1TxvJ7CQcaCihSHWt,0,1,10,Other
dCG77K75Ly5sWrDwttyQ25mdVPZe4N6eWyRcTu2LeKc,0,1,4,Other
dUbNLYrLfVYfvYwckb5CtYbCaMXUCpTzL6SK2Nfz4nm,0,1,18,Other
eTAbDh59Xkbp9MEABqE6wkycsMffuf7LQ36QrNpcumu,0,1,5,Other
eWEpDW6x37yXWhZaMaeN2sBBmNf5ymeQHtYAW3cJ2DT,0,1,9,Other
eznwG2UifDkM7AeHetZnvFkyJVpMD34Pd1NyKueDfc5,0,1,8,Other
fuBEE1cArso4GqHE4NDz9d4pMSFDSJkadPesBMiMP12,0,1,247851,Other
gaXwTeiE1wimUqSEJzrNY9vcwqavvSrriExxyaeoywZ,0,1,8,Other
mE6uRB51pKmcLhetxaVrJ7UozWdLnR9TSTbUMpwDWLj,0,1,17,Other
ore3asoBiMcm9A2DmRc4fVpatzoK1BNJiSACSvnWmaH,0,1,4852,Other
pQQrNbJEoW8pEZuM6nSeLpnv59wq1Pf5wHq2FsjpTjb,0,1,40,Other
rQLR9csZfqKQQiJuJafioyqBD4VU49yjkXrZuZoJpMN,0,1,28,Other
s6qSDQVKzVopfsmbrRw4jVMngsw4QCAZbAA8Hv5rBib,0,1,11,Other
tH9JYBU6nfBA32m3kAQ4cK2n3D6cwtoW9w2sS7vhRxr,0,1,10,Other
tbgTG1fx3b3GLSSnjrAieVhH5GohPkszkXu2Xhwdr9e,0,1,13,Other
y788QbpjdzWMiHZv8dE4jJhXKf71nrDvDzjpyh4o9vs,0,1,10,Other
